price,highway-mpg,city-mpg,peak-rpm,horsepower,compression-ratio,stroke,bore,fuel-system,engine-size,num-of-cylinders,engine-type,curb-weight,height,width,length,wheel-base,engine-location,drive-wheels,body-style,num-of-doors,aspiration,fuel-type,make,normalized-losses,symboling
13495.0,27,21,5000.0,111.0,9.0,2.68,3.47,5,130,2,0,2548,48.8,64.1,168.8,88.6,0,2,0,0.0,0,1,0,122.0,3
16500.0,27,21,5000.0,111.0,9.0,2.68,3.47,5,130,2,0,2548,48.8,64.1,168.8,88.6,0,2,0,0.0,0,1,0,122.0,3
16500.0,26,19,5000.0,154.0,9.0,3.47,2.68,5,152,4,5,2823,52.4,65.5,171.2,94.5,0,2,2,0.0,0,1,0,122.0,1
13950.0,30,24,5500.0,102.0,10.0,3.4,3.19,5,109,2,3,2337,54.3,66.2,176.6,99.8,0,1,3,1.0,0,1,1,164.0,2
17450.0,22,18,5500.0,115.0,8.0,3.4,3.19,5,136,3,3,2824,54.3,66.4,176.6,99.4,0,0,3,1.0,0,1,1,164.0,2
15250.0,25,19,5500.0,110.0,8.5,3.4,3.19,5,136,3,3,2507,53.1,66.3,177.3,99.8,0,1,3,0.0,0,1,1,122.0,2
17710.0,25,19,5500.0,110.0,8.5,3.4,3.19,5,136,3,3,2844,55.7,71.4,192.7,105.8,0,1,3,1.0,0,1,1,158.0,1
18920.0,25,19,5500.0,110.0,8.5,3.4,3.19,5,136,3,3,2954,55.7,71.4,192.7,105.8,0,1,4,1.0,0,1,1,122.0,1
23875.0,20,17,5500.0,140.0,8.3,3.4,3.13,5,131,3,3,3086,55.9,71.4,192.7,105.8,0,1,3,1.0,1,1,1,158.0,1
13207.129353233831,22,16,5500.0,160.0,7.0,3.4,3.13,5,131,3,3,3053,52.0,67.9,178.2,99.5,0,0,2,0.0,1,1,1,122.0,0
16430.0,29,23,5800.0,101.0,8.8,2.8,3.5,5,108,2,3,2395,54.3,64.8,176.8,101.2,0,2,3,0.0,0,1,2,192.0,2
16925.0,29,23,5800.0,101.0,8.8,2.8,3.5,5,108,2,3,2395,54.3,64.8,176.8,101.2,0,2,3,1.0,0,1,2,192.0,0
20970.0,28,21,4250.0,121.0,9.0,3.19,3.31,5,164,4,3,2710,54.3,64.8,176.8,101.2,0,2,3,0.0,0,1,2,188.0,0
21105.0,28,21,4250.0,121.0,9.0,3.19,3.31,5,164,4,3,2765,54.3,64.8,176.8,101.2,0,2,3,1.0,0,1,2,188.0,0
24565.0,25,20,4250.0,121.0,9.0,3.19,3.31,5,164,4,3,3055,55.7,66.9,189.0,103.5,0,2,3,1.0,0,1,2,122.0,1
30760.0,22,16,5400.0,182.0,8.0,3.39,3.62,5,209,4,3,3230,55.7,66.9,189.0,103.5,0,2,3,1.0,0,1,2,122.0,0
41315.0,22,16,5400.0,182.0,8.0,3.39,3.62,5,209,4,3,3380,53.7,67.9,193.8,103.5,0,2,3,0.0,0,1,2,122.0,0
36880.0,20,15,5400.0,182.0,8.0,3.39,3.62,5,209,4,3,3505,56.3,70.9,197.0,110.0,0,2,3,1.0,0,1,2,122.0,0
5151.0,53,47,5100.0,48.0,9.5,3.03,2.91,1,61,1,2,1488,53.2,60.3,141.1,88.4,0,1,2,0.0,0,1,3,121.0,2
6295.0,43,38,5400.0,70.0,9.6,3.11,3.03,1,90,2,3,1874,52.0,63.6,155.9,94.5,0,1,2,0.0,0,1,3,98.0,1
6575.0,43,38,5400.0,70.0,9.6,3.11,3.03,1,90,2,3,1909,52.0,63.6,158.8,94.5,0,1,3,1.0,0,1,3,81.0,0
5572.0,41,37,5500.0,68.0,9.41,3.23,2.97,1,90,2,3,1876,50.8,63.8,157.3,93.7,0,1,2,0.0,0,1,4,118.0,1
6377.0,38,31,5500.0,68.0,9.4,3.23,2.97,1,90,2,3,1876,50.8,63.8,157.3,93.7,0,1,2,0.0,0,1,4,118.0,1
7957.0,30,24,5500.0,102.0,7.6,3.39,3.03,5,98,2,3,2128,50.8,63.8,157.3,93.7,0,1,2,0.0,1,1,4,118.0,1
6229.0,38,31,5500.0,68.0,9.4,3.23,2.97,1,90,2,3,1967,50.6,63.8,157.3,93.7,0,1,2,1.0,0,1,4,148.0,1
6692.0,38,31,5500.0,68.0,9.4,3.23,2.97,1,90,2,3,1989,50.6,63.8,157.3,93.7,0,1,3,1.0,0,1,4,148.0,1
7609.0,38,31,5500.0,68.0,9.4,3.23,2.97,1,90,2,3,1989,50.6,63.8,157.3,93.7,0,1,3,1.0,0,1,4,148.0,1
8558.0,30,24,5500.0,102.0,7.6,3.39,3.03,5,98,2,3,2191,50.6,63.8,157.3,93.7,0,1,3,1.0,1,1,4,148.0,1
8921.0,30,24,5000.0,88.0,8.5,3.46,3.34,1,122,2,3,2535,59.8,64.6,174.6,103.3,0,1,4,1.0,0,1,4,110.0,-1
12964.0,24,19,5000.0,145.0,7.0,3.9,3.6,4,156,2,3,2811,50.2,66.3,173.2,95.9,0,1,2,0.0,1,1,4,145.0,3
6479.0,54,49,4800.0,58.0,9.6,3.41,2.91,0,92,2,3,1713,50.8,63.9,144.6,86.6,0,1,2,0.0,0,1,5,137.0,2
6855.0,38,31,6000.0,76.0,9.2,3.41,2.91,0,92,2,3,1819,50.8,63.9,144.6,86.6,0,1,2,0.0,0,1,5,137.0,2
5399.0,42,38,5500.0,60.0,10.1,3.07,2.91,0,79,2,3,1837,52.6,64.0,150.0,93.7,0,1,2,0.0,0,1,5,101.0,1
6529.0,34,30,6000.0,76.0,9.2,3.41,2.91,0,92,2,3,1940,52.6,64.0,150.0,93.7,0,1,2,0.0,0,1,5,101.0,1
7129.0,34,30,6000.0,76.0,9.2,3.41,2.91,0,92,2,3,1956,52.6,64.0,150.0,93.7,0,1,2,0.0,0,1,5,101.0,1
7295.0,34,30,6000.0,76.0,9.2,3.41,2.91,0,92,2,3,2010,54.5,64.0,163.4,96.5,0,1,3,1.0,0,1,5,110.0,0
7295.0,34,30,6000.0,76.0,9.2,3.41,2.92,0,92,2,3,2024,58.3,63.9,157.1,96.5,0,1,4,1.0,0,1,5,78.0,0
7895.0,33,27,5800.0,86.0,9.0,3.58,3.15,0,110,2,3,2236,53.3,65.2,167.5,96.5,0,1,2,0.0,0,1,5,106.0,0
9095.0,33,27,5800.0,86.0,9.0,3.58,3.15,0,110,2,3,2289,53.3,65.2,167.5,96.5,0,1,2,0.0,0,1,5,106.0,0
8845.0,33,27,5800.0,86.0,9.0,3.58,3.15,0,110,2,3,2304,54.1,65.2,175.4,96.5,0,1,3,1.0,0,1,5,85.0,0
10295.0,33,27,5800.0,86.0,9.0,3.58,3.15,0,110,2,3,2372,54.1,62.5,175.4,96.5,0,1,3,1.0,0,1,5,85.0,0
12945.0,28,24,5800.0,101.0,9.0,3.58,3.15,5,110,2,3,2465,54.1,65.2,175.4,96.5,0,1,3,1.0,0,1,5,85.0,0
10345.0,31,25,5500.0,100.0,9.1,3.58,3.15,1,110,2,3,2293,51.0,66.0,169.1,96.5,0,1,3,0.0,0,1,5,107.0,1
6785.0,29,24,4800.0,78.0,8.5,3.23,3.31,1,111,2,3,2337,53.5,61.8,170.7,94.3,0,2,3,1.0,0,1,6,122.0,0
13207.129353233831,43,38,5400.0,70.0,9.6,3.11,3.03,1,90,2,3,1874,52.0,63.6,155.9,94.5,0,1,3,0.0,0,1,6,122.0,1
13207.129353233831,43,38,5400.0,70.0,9.6,3.11,3.03,1,90,2,3,1909,52.0,63.6,155.9,94.5,0,1,3,1.0,0,1,6,122.0,0
11048.0,29,24,5000.0,90.0,9.2,3.23,3.43,7,119,2,3,2734,51.4,65.2,172.6,96.0,0,2,2,0.0,0,1,6,122.0,2
32250.0,19,15,4750.0,176.0,8.1,4.17,3.63,5,258,4,0,4066,52.8,69.6,199.6,113.0,0,2,3,1.0,0,1,7,145.0,0
35550.0,19,15,4750.0,176.0,8.1,4.17,3.63,5,258,4,0,4066,52.8,69.6,199.6,113.0,0,2,3,1.0,0,1,7,122.0,0
36000.0,17,13,5000.0,262.0,11.5,2.76,3.54,5,326,6,5,3950,47.8,70.6,191.7,102.0,0,2,3,0.0,0,1,7,122.0,0
5195.0,31,30,5000.0,68.0,9.0,3.15,3.03,1,91,2,3,1890,54.1,64.2,159.1,93.1,0,1,2,0.0,0,1,8,104.0,1
6095.0,38,31,5000.0,68.0,9.0,3.15,3.03,1,91,2,3,1900,54.1,64.2,159.1,93.1,0,1,2,0.0,0,1,8,104.0,1
6795.0,38,31,5000.0,68.0,9.0,3.15,3.03,1,91,2,3,1905,54.1,64.2,159.1,93.1,0,1,2,0.0,0,1,8,104.0,1
6695.0,38,31,5000.0,68.0,9.0,3.15,3.03,1,91,2,3,1945,54.1,64.2,166.8,93.1,0,1,3,1.0,0,1,8,113.0,1
7395.0,38,31,5000.0,68.0,9.0,3.15,3.08,1,91,2,3,1950,54.1,64.2,166.8,93.1,0,1,3,1.0,0,1,8,113.0,1
10945.0,23,17,6000.0,101.0,9.4,3.255422885572139,3.3297512437810943,2,70,0,6,2380,49.6,65.7,169.0,95.3,0,2,2,0.0,0,1,8,150.0,3
11845.0,23,17,6000.0,101.0,9.4,3.255422885572139,3.3297512437810943,2,70,0,6,2380,49.6,65.7,169.0,95.3,0,2,2,0.0,0,1,8,150.0,3
13645.0,23,17,6000.0,101.0,9.4,3.255422885572139,3.3297512437810943,2,70,0,6,2385,49.6,65.7,169.0,95.3,0,2,2,0.0,0,1,8,150.0,3
15645.0,23,16,6000.0,135.0,9.4,3.255422885572139,3.3297512437810943,5,80,0,6,2500,49.6,65.7,169.0,95.3,0,2,2,0.0,0,1,8,150.0,3
8845.0,32,26,4800.0,84.0,8.6,3.39,3.39,1,122,2,3,2385,53.7,66.5,177.8,98.8,0,1,2,0.0,0,1,8,129.0,1
8495.0,32,26,4800.0,84.0,8.6,3.39,3.39,1,122,2,3,2410,55.5,66.5,177.8,98.8,0,1,3,1.0,0,1,8,115.0,0
10595.0,32,26,4800.0,84.0,8.6,3.39,3.39,1,122,2,3,2385,53.7,66.5,177.8,98.8,0,1,2,0.0,0,1,8,129.0,1
10245.0,32,26,4800.0,84.0,8.6,3.39,3.39,1,122,2,3,2410,55.5,66.5,177.8,98.8,0,1,3,1.0,0,1,8,115.0,0
10795.0,42,36,4650.0,64.0,22.7,3.39,3.39,3,122,2,3,2443,55.5,66.5,177.8,98.8,0,1,3,1.0,0,0,8,122.0,0
11245.0,32,26,4800.0,84.0,8.6,3.39,3.39,1,122,2,3,2425,55.5,66.5,177.8,98.8,0,1,2,1.0,0,1,8,115.0,0
18280.0,27,19,5000.0,120.0,8.0,3.16,3.76,5,140,2,3,2670,54.4,66.1,175.0,104.9,0,2,3,1.0,0,1,8,118.0,0
18344.0,39,31,4200.0,72.0,22.0,3.64,3.43,3,134,2,3,2700,54.4,66.1,175.0,104.9,0,2,3,1.0,0,0,8,122.0,0
25552.0,25,22,4350.0,123.0,21.5,3.64,3.58,3,183,3,3,3515,56.5,70.3,190.9,110.0,0,2,3,1.0,1,0,9,93.0,-1
28248.0,25,22,4350.0,123.0,21.5,3.64,3.58,3,183,3,3,3750,58.7,70.3,190.9,110.0,0,2,4,1.0,1,0,9,93.0,-1
28176.0,25,22,4350.0,123.0,21.5,3.64,3.58,3,183,3,3,3495,54.9,70.3,187.5,106.7,0,2,1,0.0,1,0,9,93.0,0
31600.0,25,22,4350.0,123.0,21.5,3.64,3.58,3,183,3,3,3770,56.3,71.7,202.6,115.6,0,2,3,1.0,1,0,9,93.0,-1
34184.0,18,16,4750.0,155.0,8.3,3.1,3.46,5,234,5,5,3740,56.5,71.7,202.6,115.6,0,2,3,1.0,0,1,9,122.0,-1
35056.0,18,16,4750.0,155.0,8.3,3.1,3.46,5,234,5,5,3685,50.8,70.5,180.3,96.6,0,2,0,0.0,0,1,9,142.0,3
40960.0,16,14,4500.0,184.0,8.0,3.35,3.8,5,308,5,5,3900,56.7,71.7,208.1,120.9,0,2,3,1.0,0,1,9,122.0,0
45400.0,16,14,4500.0,184.0,8.0,3.35,3.8,5,304,5,5,3715,55.4,72.0,199.2,112.0,0,2,1,0.0,0,1,9,122.0,1
16503.0,24,19,5000.0,175.0,8.0,3.12,3.78,5,140,2,3,2910,54.8,68.0,178.4,102.7,0,2,2,0.0,1,1,10,122.0,1
5389.0,41,37,5500.0,68.0,9.4,3.23,2.97,1,92,2,3,1918,50.8,64.4,157.3,93.7,0,1,2,0.0,0,1,11,161.0,2
6189.0,38,31,5500.0,68.0,9.4,3.23,2.97,1,92,2,3,1944,50.8,64.4,157.3,93.7,0,1,2,0.0,0,1,11,161.0,2
6669.0,38,31,5500.0,68.0,9.4,3.23,2.97,1,92,2,3,2004,50.8,64.4,157.3,93.7,0,1,2,0.0,0,1,11,161.0,2
7689.0,30,24,5500.0,102.0,7.6,3.39,3.03,6,98,2,3,2145,50.8,63.8,157.3,93.0,0,1,2,0.0,1,1,11,161.0,1
9959.0,30,23,5500.0,116.0,7.5,3.46,3.17,6,110,2,3,2370,49.4,65.4,173.0,96.3,0,1,2,0.0,1,1,11,153.0,3
8499.0,32,25,5000.0,88.0,8.5,3.46,3.35,1,122,2,3,2328,49.4,65.4,173.0,96.3,0,1,2,0.0,0,1,11,153.0,3
12629.0,24,19,5000.0,145.0,7.0,3.86,3.58,6,156,2,3,2833,50.2,66.3,173.2,95.9,0,1,2,0.0,1,1,11,122.0,3
14869.0,24,19,5000.0,145.0,7.0,3.86,3.59,6,156,2,3,2921,50.2,66.3,173.2,95.9,0,1,2,0.0,1,1,11,122.0,3
14489.0,24,19,5000.0,145.0,7.0,3.86,3.59,6,156,2,3,2926,50.2,66.3,173.2,95.9,0,1,2,0.0,1,1,11,122.0,3
6989.0,32,25,5000.0,88.0,8.5,3.46,3.35,1,122,2,3,2365,51.6,65.4,172.4,96.3,0,1,3,1.0,0,1,11,125.0,1
8189.0,32,25,5000.0,88.0,8.5,3.46,3.35,1,122,2,3,2405,51.6,65.4,172.4,96.3,0,1,3,1.0,0,1,11,125.0,1
9279.0,30,23,5500.0,116.0,7.5,3.46,3.17,6,110,2,3,2403,51.6,65.4,172.4,96.3,0,1,3,1.0,1,1,11,125.0,1
9279.0,30,23,5500.0,116.0,7.5,3.46,3.17,6,110,2,3,2403,51.6,65.4,172.4,96.3,0,1,3,1.0,0,1,11,137.0,-1
5499.0,37,31,5200.0,69.0,9.4,3.29,3.15,1,97,2,3,1889,54.5,63.8,165.3,94.5,0,1,3,0.0,0,1,12,128.0,1
7099.0,50,45,4800.0,55.0,21.9,3.47,2.99,3,103,2,3,2017,54.5,63.8,165.3,94.5,0,1,3,0.0,0,0,12,128.0,1
6649.0,37,31,5200.0,69.0,9.4,3.29,3.15,1,97,2,3,1918,54.5,63.8,165.3,94.5,0,1,3,0.0,0,1,12,128.0,1
6849.0,37,31,5200.0,69.0,9.4,3.29,3.15,1,97,2,3,1938,54.5,63.8,165.3,94.5,0,1,3,1.0,0,1,12,122.0,1
7349.0,37,31,5200.0,69.0,9.4,3.29,3.15,1,97,2,3,2024,53.5,63.8,170.2,94.5,0,1,4,1.0,0,1,12,103.0,1
7299.0,37,31,5200.0,69.0,9.4,3.29,3.15,1,97,2,3,1951,54.5,63.8,165.3,94.5,0,1,3,0.0,0,1,12,128.0,1
7799.0,37,31,5200.0,69.0,9.4,3.29,3.15,1,97,2,3,2028,53.3,63.8,165.6,94.5,0,1,2,0.0,0,1,12,128.0,1
7499.0,37,31,5200.0,69.0,9.4,3.29,3.15,1,97,2,3,1971,54.5,63.8,165.3,94.5,0,1,3,1.0,0,1,12,122.0,1
7999.0,37,31,5200.0,69.0,9.4,3.29,3.15,1,97,2,3,2037,53.5,63.8,170.2,94.5,0,1,4,1.0,0,1,12,103.0,1
8249.0,37,31,5200.0,69.0,9.4,3.29,3.15,1,97,2,3,2008,53.3,63.8,162.4,95.1,0,1,1,0.0,0,1,12,168.0,2
8949.0,34,27,5200.0,97.0,8.5,3.47,3.33,1,120,2,3,2324,54.7,65.2,173.4,97.2,0,1,2,1.0,0,1,12,106.0,0
9549.0,34,27,5200.0,97.0,8.5,3.47,3.33,1,120,2,3,2302,54.7,65.2,173.4,97.2,0,1,3,1.0,0,1,12,106.0,0
13499.0,22,17,5200.0,152.0,9.0,3.27,3.43,5,181,4,5,3095,55.1,66.5,181.7,100.4,0,1,3,1.0,0,1,12,128.0,0
14399.0,22,17,5200.0,152.0,9.0,3.27,3.43,5,181,4,5,3296,56.1,66.5,184.6,100.4,0,1,4,1.0,0,1,12,108.0,0
13499.0,25,19,5200.0,152.0,9.0,3.27,3.43,5,181,4,5,3060,55.1,66.5,184.6,100.4,0,1,3,1.0,0,1,12,108.0,0
17199.0,25,19,5200.0,160.0,9.0,3.27,3.43,5,181,4,5,3071,49.7,67.9,170.7,91.3,0,2,2,0.0,0,1,12,194.0,3
19699.0,23,17,5200.0,200.0,7.8,3.27,3.43,5,181,4,5,3139,49.7,67.9,170.7,91.3,0,2,2,0.0,1,1,12,194.0,3
18399.0,25,19,5200.0,160.0,9.0,3.27,3.43,5,181,4,5,3139,49.7,67.9,178.5,99.2,0,2,2,0.0,0,1,12,231.0,1
11900.0,24,19,5000.0,97.0,8.4,3.19,3.46,5,120,2,2,3020,56.7,68.4,186.7,107.9,0,2,3,1.0,0,1,13,161.0,0
13200.0,33,28,4150.0,95.0,21.0,3.52,3.7,3,152,2,2,3197,56.7,68.4,186.7,107.9,0,2,3,1.0,1,0,13,161.0,0
12440.0,24,19,5000.0,97.0,8.4,3.19,3.46,5,120,2,2,3230,58.7,68.4,198.9,114.2,0,2,4,1.0,0,1,13,122.0,0
13860.0,25,25,4150.0,95.0,21.0,3.52,3.7,3,152,2,2,3430,58.7,68.4,198.9,114.2,0,2,4,1.0,1,0,13,122.0,0
15580.0,24,19,5000.0,95.0,8.4,2.19,3.46,5,120,2,2,3075,56.7,68.4,186.7,107.9,0,2,3,1.0,0,1,13,161.0,0
16900.0,33,28,4150.0,95.0,21.0,3.52,3.7,3,152,2,2,3252,56.7,68.4,186.7,107.9,0,2,3,1.0,1,0,13,161.0,0
16695.0,24,19,5000.0,95.0,8.4,2.19,3.46,5,120,2,2,3285,56.7,68.4,198.9,114.2,0,2,4,1.0,0,1,13,122.0,0
17075.0,25,25,4150.0,95.0,21.0,3.52,3.7,3,152,2,2,3485,58.7,68.4,198.9,114.2,0,2,4,1.0,1,0,13,122.0,0
16630.0,24,19,5000.0,97.0,8.4,3.19,3.46,5,120,2,2,3075,56.7,68.4,186.7,107.9,0,2,3,1.0,0,1,13,161.0,0
17950.0,33,28,4150.0,95.0,21.0,3.52,3.7,3,152,2,2,3252,56.7,68.4,186.7,107.9,0,2,3,1.0,1,0,13,161.0,0
18150.0,24,18,5600.0,142.0,7.0,3.21,3.61,5,134,2,2,3130,56.0,68.3,186.7,108.0,0,2,3,1.0,1,1,13,161.0,0
5572.0,41,37,5500.0,68.0,9.4,3.23,2.97,1,90,2,3,1918,50.8,63.8,157.3,93.7,0,1,2,0.0,0,1,14,119.0,1
7957.0,30,24,5500.0,102.0,7.6,3.39,3.03,6,98,2,3,2128,50.8,63.8,157.3,93.7,0,1,2,0.0,1,1,14,119.0,1
6229.0,38,31,5500.0,68.0,9.4,3.23,2.97,1,90,2,3,1967,50.6,63.8,157.3,93.7,0,1,2,1.0,0,1,14,154.0,1
6692.0,38,31,5500.0,68.0,9.4,3.23,2.97,1,90,2,3,1989,50.8,63.8,167.3,93.7,0,1,3,1.0,0,1,14,154.0,1
7609.0,38,31,5500.0,68.0,9.4,3.23,2.97,1,98,2,3,2191,50.8,63.8,167.3,93.7,0,1,3,1.0,0,1,14,154.0,1
8921.0,30,24,5000.0,88.0,8.5,3.46,3.35,1,122,2,3,2535,59.8,64.6,174.6,103.3,0,1,4,1.0,0,1,14,74.0,-1
12764.0,24,19,5000.0,145.0,7.0,3.86,3.59,6,156,2,3,2818,50.2,66.3,173.2,95.9,0,2,2,0.0,1,1,14,122.0,3
22018.0,27,19,5500.0,143.0,9.5,3.11,3.94,5,151,2,3,2778,50.2,68.3,168.9,94.5,0,2,2,0.0,0,1,15,186.0,3
32528.0,25,17,5900.0,207.0,9.5,2.9,3.74,5,194,4,4,2756,51.6,65.0,168.9,89.5,1,2,1,0.0,0,1,15,122.0,3
34028.0,25,17,5900.0,207.0,9.5,2.9,3.74,5,194,4,4,2756,51.6,65.0,168.9,89.5,1,2,1,0.0,0,1,15,122.0,3
37028.0,25,17,5900.0,207.0,9.5,2.9,3.74,5,194,4,4,2800,51.6,65.0,168.9,89.5,1,2,0,0.0,0,1,15,122.0,3
13207.129353233831,28,17,5750.0,288.0,10.0,3.11,3.94,5,203,5,1,3366,50.5,72.3,175.7,98.4,0,2,2,0.0,0,1,15,122.0,1
9295.0,31,23,5125.369458128079,104.25615763546799,8.7,3.9,3.46,5,132,2,3,2579,55.2,66.5,181.5,96.1,0,1,4,1.0,0,1,16,122.0,0
9895.0,31,23,5125.369458128079,104.25615763546799,8.7,3.9,3.46,5,132,2,3,2460,50.5,66.6,176.8,96.1,0,1,2,0.0,0,1,16,122.0,2
11850.0,28,21,5250.0,110.0,9.31,3.07,3.54,5,121,2,3,2658,56.1,66.5,186.6,99.1,0,1,2,0.0,0,1,17,150.0,3
12170.0,28,21,5250.0,110.0,9.3,3.07,3.54,5,121,2,3,2695,56.1,66.5,186.6,99.1,0,1,3,1.0,0,1,17,104.0,2
15040.0,28,21,5250.0,110.0,9.3,2.07,2.54,5,121,2,3,2707,56.1,66.5,186.6,99.1,0,1,2,0.0,0,1,17,150.0,3
15510.0,28,21,5250.0,110.0,9.3,3.07,3.54,5,121,2,3,2758,56.1,66.5,186.6,99.1,0,1,3,1.0,0,1,17,104.0,2
18150.0,26,19,5500.0,160.0,9.0,3.07,3.54,5,121,2,0,2808,56.1,66.5,186.6,99.1,0,1,2,0.0,1,1,17,150.0,3
18620.0,26,19,5500.0,160.0,9.0,3.07,3.54,5,121,2,0,2847,56.1,66.5,186.6,99.1,0,1,3,1.0,1,1,17,104.0,2
5118.0,36,31,4900.0,69.0,9.0,2.36,3.62,1,97,2,4,2050,53.7,63.4,156.9,93.7,0,1,2,0.0,0,1,18,83.0,2
7053.0,31,26,4400.0,73.0,8.7,2.64,3.62,1,108,2,4,2120,53.7,63.6,157.9,93.7,0,1,2,0.0,0,1,18,83.0,2
7603.0,31,26,4400.0,73.0,8.7,2.64,3.62,1,108,2,4,2240,55.7,63.8,157.3,93.3,0,0,2,0.0,0,1,18,83.0,2
7126.0,37,32,4800.0,82.0,9.5,2.64,3.62,1,108,2,4,2145,52.5,65.4,172.0,97.2,0,1,3,1.0,0,1,18,102.0,0
7775.0,33,28,4400.0,82.0,9.5,2.64,3.62,1,108,2,4,2190,52.5,65.4,172.0,97.2,0,1,3,1.0,0,1,18,102.0,0
9960.0,32,26,5200.0,94.0,9.0,2.64,3.62,5,108,2,4,2340,52.5,65.4,172.0,97.2,0,1,3,1.0,0,1,18,102.0,0
9233.0,25,24,4800.0,82.0,9.0,2.64,3.62,1,108,2,4,2385,54.3,65.4,172.0,97.0,0,0,3,1.0,0,1,18,102.0,0
11259.0,29,24,4800.0,111.0,7.7,2.64,3.62,5,108,2,4,2510,54.3,65.4,172.0,97.0,0,0,3,1.0,1,1,18,102.0,0
7463.0,32,28,4800.0,82.0,9.0,2.64,3.62,1,108,2,4,2290,53.0,65.4,173.5,97.0,0,1,4,1.0,0,1,18,89.0,0
10198.0,31,25,5200.0,94.0,9.0,2.64,3.62,5,108,2,4,2455,53.0,65.4,173.5,97.0,0,1,4,1.0,0,1,18,89.0,0
8013.0,29,23,4800.0,82.0,9.0,2.64,3.62,1,108,2,4,2420,54.9,65.4,173.6,96.9,0,0,4,1.0,0,1,18,85.0,0
11694.0,23,23,4800.0,111.0,7.7,2.64,3.62,5,108,2,4,2650,54.9,65.4,173.6,96.9,0,0,4,1.0,1,1,18,85.0,0
5348.0,39,35,4800.0,62.0,9.0,3.03,3.05,1,92,2,3,1985,54.5,63.6,158.7,95.7,0,1,2,0.0,0,1,19,87.0,1
6338.0,38,31,4800.0,62.0,9.0,3.03,3.05,1,92,2,3,2040,54.5,63.6,158.7,95.7,0,1,2,0.0,0,1,19,87.0,1
6488.0,38,31,4800.0,62.0,9.0,3.03,3.05,1,92,2,3,2015,54.5,63.6,158.7,95.7,0,1,2,1.0,0,1,19,74.0,1
6918.0,37,31,4800.0,62.0,9.0,3.03,3.05,1,92,2,3,2280,59.1,63.6,169.7,95.7,0,1,4,1.0,0,1,19,77.0,0
7898.0,32,27,4800.0,62.0,9.0,3.03,3.05,1,92,2,3,2290,59.1,63.6,169.7,95.7,0,0,4,1.0,0,1,19,81.0,0
8778.0,32,27,4800.0,62.0,9.0,3.03,3.05,1,92,2,3,3110,59.1,63.6,169.7,95.7,0,0,4,1.0,0,1,19,91.0,0
6938.0,37,30,4800.0,70.0,9.0,3.03,3.19,1,98,2,3,2081,53.0,64.4,166.3,95.7,0,1,3,1.0,0,1,19,91.0,0
7198.0,37,30,4800.0,70.0,9.0,3.03,3.19,1,98,2,3,2109,52.8,64.4,166.3,95.7,0,1,2,1.0,0,1,19,91.0,0
7898.0,36,34,4500.0,56.0,22.5,3.35,3.27,3,110,2,3,2275,53.0,64.4,166.3,95.7,0,1,3,1.0,0,0,19,91.0,0
7788.0,47,38,4500.0,56.0,22.5,3.35,3.27,3,110,2,3,2275,52.8,64.4,166.3,95.7,0,1,2,1.0,0,0,19,91.0,0
7738.0,47,38,4800.0,70.0,9.0,3.03,3.19,1,98,2,3,2094,53.0,64.4,166.3,95.7,0,1,3,1.0,0,1,19,91.0,0
8358.0,34,28,4800.0,70.0,9.0,3.03,3.19,1,98,2,3,2122,52.8,64.4,166.3,95.7,0,1,2,1.0,0,1,19,91.0,0
9258.0,34,28,4800.0,70.0,9.0,3.03,3.19,1,98,2,3,2140,52.8,64.4,166.3,95.7,0,1,3,1.0,0,1,19,91.0,0
8058.0,34,29,4800.0,70.0,9.0,3.03,3.19,1,98,2,3,2169,52.6,64.0,168.7,94.5,0,2,3,0.0,0,1,19,168.0,1
8238.0,34,29,4800.0,70.0,9.0,3.03,3.19,1,98,2,3,2204,52.6,64.0,168.7,94.5,0,2,2,0.0,0,1,19,168.0,1
9298.0,29,26,6600.0,112.0,9.4,3.08,3.24,5,98,2,0,2265,52.6,64.0,168.7,94.5,0,2,3,0.0,0,1,19,168.0,1
9538.0,29,26,6600.0,112.0,9.4,3.08,3.24,5,98,2,0,2300,52.6,64.0,168.7,94.5,0,2,2,0.0,0,1,19,168.0,1
8449.0,30,24,4800.0,116.0,9.3,3.5,3.62,5,146,2,3,2540,52.0,65.6,176.2,98.4,0,2,1,0.0,0,1,19,134.0,2
9639.0,30,24,4800.0,116.0,9.3,3.5,3.62,5,146,2,3,2536,52.0,65.6,176.2,98.4,0,2,1,0.0,0,1,19,134.0,2
9989.0,30,24,4800.0,116.0,9.3,3.5,3.62,5,146,2,3,2551,52.0,65.6,176.2,98.4,0,2,2,0.0,0,1,19,134.0,2
11199.0,30,24,4800.0,116.0,9.3,3.5,3.62,5,146,2,3,2679,52.0,65.6,176.2,98.4,0,2,1,0.0,0,1,19,134.0,2
11549.0,30,24,4800.0,116.0,9.3,3.5,3.62,5,146,2,3,2714,52.0,65.6,176.2,98.4,0,2,2,0.0,0,1,19,134.0,2
17669.0,30,24,4800.0,116.0,9.3,3.5,3.62,5,146,2,3,2975,53.0,65.6,176.2,98.4,0,2,0,0.0,0,1,19,134.0,2
8948.0,34,29,4200.0,92.0,8.7,3.54,3.31,5,122,2,3,2326,54.9,66.5,175.6,102.4,0,1,3,1.0,0,1,19,65.0,-1
10698.0,33,30,4500.0,73.0,22.5,3.35,3.27,3,110,2,3,2480,54.9,66.5,175.6,102.4,0,1,3,1.0,1,0,19,65.0,-1
9988.0,32,27,4200.0,92.0,8.7,3.54,3.31,5,122,2,3,2414,53.9,66.5,175.6,102.4,0,1,2,1.0,0,1,19,65.0,-1
10898.0,32,27,4200.0,92.0,8.7,3.54,3.31,5,122,2,3,2414,54.9,66.5,175.6,102.4,0,1,3,1.0,0,1,19,65.0,-1
11248.0,32,27,4200.0,92.0,8.7,3.54,3.31,5,122,2,3,2458,53.9,66.5,175.6,102.4,0,1,2,1.0,0,1,19,65.0,-1
16558.0,24,20,5200.0,161.0,9.3,3.35,3.27,5,171,4,0,2976,52.0,67.7,183.5,102.9,0,2,2,0.0,0,1,19,197.0,3
15998.0,24,19,5200.0,161.0,9.3,3.35,3.27,5,171,4,0,3016,52.0,67.7,183.5,102.9,0,2,2,0.0,0,1,19,197.0,3
15690.0,24,20,5200.0,156.0,9.2,3.35,3.27,5,171,4,0,3131,54.1,66.5,187.8,104.5,0,2,3,1.0,0,1,19,90.0,-1
15750.0,24,19,5200.0,156.0,9.2,3.35,3.27,5,161,4,0,3151,54.1,66.5,187.8,104.5,0,2,4,1.0,0,1,19,122.0,-1
7775.0,46,37,4800.0,52.0,23.0,3.4,3.01,3,97,2,3,2261,55.7,65.5,171.7,97.3,0,1,3,0.0,0,0,20,122.0,2
7975.0,34,27,5250.0,85.0,9.0,3.4,3.19,5,109,2,3,2209,55.7,65.5,171.7,97.3,0,1,3,0.0,0,1,20,122.0,2
7995.0,46,37,4800.0,52.0,23.0,3.4,3.01,3,97,2,3,2264,55.7,65.5,171.7,97.3,0,1,3,1.0,0,0,20,94.0,2
8195.0,34,27,5250.0,85.0,9.0,3.4,3.19,5,109,2,3,2212,55.7,65.5,171.7,97.3,0,1,3,1.0,0,1,20,94.0,2
8495.0,34,27,5250.0,85.0,9.0,3.4,3.19,5,109,2,3,2275,55.7,65.5,171.7,97.3,0,1,3,1.0,0,1,20,94.0,2
9495.0,42,37,4500.0,68.0,23.0,3.4,3.01,3,97,2,3,2319,55.7,65.5,171.7,97.3,0,1,3,1.0,1,0,20,94.0,2
9995.0,32,26,5500.0,100.0,10.0,3.4,3.19,5,109,2,3,2300,55.7,65.5,171.7,97.3,0,1,3,1.0,0,1,20,94.0,2
11595.0,29,24,5500.0,90.0,8.5,3.4,3.19,5,109,2,3,2254,55.6,64.2,159.3,94.5,0,1,0,0.0,0,1,20,122.0,3
9980.0,29,24,5500.0,90.0,8.5,3.4,3.19,5,109,2,3,2221,51.4,64.0,165.7,94.5,0,1,2,0.0,0,1,20,256.0,3
13295.0,24,19,5500.0,110.0,8.5,3.4,3.19,5,136,3,3,2661,55.1,66.9,180.2,100.4,0,1,3,1.0,0,1,20,122.0,0
13845.0,38,33,4500.0,68.0,23.0,3.4,3.01,3,97,2,3,2579,55.1,66.9,180.2,100.4,0,1,3,1.0,1,0,20,122.0,0
12290.0,31,25,5500.0,88.0,9.0,3.4,3.19,5,109,2,3,2563,55.1,66.9,183.1,100.4,0,1,4,1.0,0,1,20,122.0,0
12940.0,28,23,5400.0,114.0,9.5,3.15,3.78,5,141,2,3,2912,56.2,67.2,188.8,104.3,0,2,3,1.0,0,1,21,103.0,-2
13415.0,28,23,5400.0,114.0,9.5,3.15,3.78,5,141,2,3,3034,57.5,67.2,188.8,104.3,0,2,4,1.0,0,1,21,74.0,-1
15985.0,28,24,5400.0,114.0,9.5,3.15,3.78,5,141,2,3,2935,56.2,67.2,188.8,104.3,0,2,3,1.0,0,1,21,103.0,-2
16515.0,28,24,5400.0,114.0,9.5,3.15,3.78,5,141,2,3,3042,57.5,67.2,188.8,104.3,0,2,4,1.0,0,1,21,74.0,-1
18420.0,22,17,5100.0,162.0,7.5,3.15,3.62,5,130,2,3,3045,56.2,67.2,188.8,104.3,0,2,3,1.0,1,1,21,103.0,-2
18950.0,22,17,5100.0,162.0,7.5,3.15,3.62,5,130,2,3,3157,57.5,67.2,188.8,104.3,0,2,4,1.0,1,1,21,74.0,-1
16845.0,28,23,5400.0,114.0,9.5,3.15,3.78,5,141,2,3,2952,55.5,68.9,188.8,109.1,0,2,3,1.0,0,1,21,95.0,-1
19045.0,25,19,5300.0,160.0,8.7,3.15,3.78,5,141,2,3,3049,55.5,68.8,188.8,109.1,0,2,3,1.0,1,1,21,95.0,-1
21485.0,23,18,5500.0,134.0,8.8,2.87,3.58,5,173,4,5,3012,55.5,68.9,188.8,109.1,0,2,3,1.0,0,1,21,95.0,-1
22470.0,27,26,4800.0,106.0,23.0,3.4,3.01,3,145,4,3,3217,55.5,68.9,188.8,109.1,0,2,3,1.0,1,0,21,95.0,-1
22625.0,25,19,5400.0,114.0,9.5,3.15,3.78,5,141,2,3,3062,55.5,68.9,188.8,109.1,0,2,3,1.0,1,1,21,95.0,-1
